Name,Slug
Casascius,casascius
BitBills,bitbills
BTCC,btcc
Polymerbit,polymerbit
Xprim777,xprim777
Yogg,yogg
Crypto Imperator,crypto-imperator
Krogoth,krogoth
Icarus Cards,icarus
Cypher Hodl,cypher-hodl
jayce,jayce
MX12 Art,mx12-art
Vizique,vizique
Geophphreigh,geophphreigh
RebelMoney,rebelmoney
miffman,miffman
Serp,serp
Frank AlpenCoin,frank-alpencoin
DOBLEBIT,doblebit
MrCryptHodl,mr-crypto-hodl
Cryptolator,cryptolator
Rarity Check,raritycheck
Hhampuz,hhampuz
minerjones,minerjones
Friends of Satoshi,friends-of-satoshi
BCMint,bc-mint
Papersafe,papersafe
Liquidoptions,liquidoptions
MoonBits,moonbits
Denarium,denarium